{"version":"0.2","x":283,"y":584,"width":202,"height":167,"scale":1.0,"color":0,"transparent":true,"strokes":[{"width":2.5,"color":-1,"type":"pen","data":[73.625,68.57144,0.24418956,73.625,67.64288,0.25782,73.625,66.5,0.28994218,73.34375,66.14288,0.32791293,73.15625,65.57144,0.34674862,73.0625,65.07144,0.39547786,72.875,64.42859,0.41004017,72.875,63.857147,0.5287437,72.59375,63.785736,0.5333455,72.40625,64.07144,0.5415304,72.125,64.42859,0.5478118,72.03125,65.214294,0.554022,71.65625,66.285736,0.5610352,71.375,67.57144,0.5679618,71.09375,69.14288,0.5756547,70.71875,71.07144,0.5824075,70.4375,72.57144,0.58991194,70.0625,74.14288,0.5965033,69.875,75.714294,0.60383266,69.59375,77.42859,0.6102737,69.3125,79.14288,0.6174396,68.9375,81.14288,0.6253054,68.5625,83.214294,0.63307345,68.1875,85.214294,0.64227116,67.90625,87.35715,0.6498364,67.625,89.42859,0.6565707,67.34375,91.42859,0.66176105,67.0625,93.42859,0.66617775,66.96875,95.285736,0.6705653,66.875,96.85715,0.6741999,66.6875,98.285736,0.67709345,66.59375,99.5,0.6806931,66.59375,100.57144,0.6835592,66.59375,101.57144,0.6849877,66.5,102.5,0.68783593,66.5,103.285736,0.69349724,66.40625,104.07144,0.69490534,66.6875,104.14288,0.5619057,67.0625,104.07144,0.5060726]},{"width":2.5,"color":-1,"type":"pen","data":[69.875,86.5,0.36728376,69.3125,86.0,0.4194676,69.5,85.35715,0.43209463,69.6875,85.0,0.4432617,70.15625,84.57144,0.45415428,70.90625,84.35715,0.46689004,72.125,84.07144,0.47724363,73.71875,83.785736,0.48435947,75.59375,83.35715,0.48837912,77.5625,83.0,0.492366,79.34375,82.714294,0.49434733,81.03125,82.5,0.49533504,82.8125,82.285736,0.49632078,84.40625,82.0,0.49533504,86.0,81.714294,0.49434733,87.40625,81.42859,0.48937887,88.625,81.285736,0.47826666,89.65625,81.0,0.45843884,90.59375,80.714294,0.42754614]},{"width":2.5,"color":-1,"type":"pen","data":[92.65625,62.57144,0.39916825,92.5625,62.5,0.4194676,92.28125,62.785736,0.43659574,92.09375,63.42859,0.4530768,91.8125,64.57144,0.47002006,91.53125,65.85715,0.48637345,91.0625,67.714294,0.49926633,90.6875,69.85715,0.5146913,90.41211,71.14734,0.521826,90.125,72.42859,0.5287437,89.65625,74.5,0.5424321,89.09375,76.714294,0.55578357,88.4375,79.0,0.56710064,87.875,81.35715,0.57735026,87.3125,83.785736,0.5874211,86.75,86.214294,0.5965033,86.1875,88.57144,0.60464156,85.8125,91.0,0.6102737,85.15625,93.35715,0.6142651,85.0625,95.57144,0.6166475,84.875,97.785736,0.61902076,84.59375,99.714294,0.6205979,84.59375,101.42859,0.622171,84.21875,103.0,0.62374014,84.03125,104.35715,0.6253054,84.03125,105.57144,0.6253054,84.03125,106.5,0.62608653,83.9375,107.285736,0.62608653,83.9375,108.0,0.6166475,84.3125,108.07144,0.50992113,84.59375,107.785736,0.4563016]},{"width":2.5,"color":-1,"type":"pen","data":[104.65625,55.714294,0.31421208,105.21875,55.07144,0.34815532,105.59375,55.142883,0.3725687,105.96875,55.57144,0.4003908,105.96875,56.57144,0.42754614,105.78125,57.857147,0.45415428,105.59375,59.642883,0.4762184,105.40625,62.0,0.4982864,105.23633,63.308044,0.5095477,105.03125,64.714294,0.5203578,104.802734,66.27234,0.52990586,104.5625,67.85715,0.5388159,104.333984,69.33038,0.5476385,104.09375,70.785736,0.55578357,103.81836,72.276794,0.5627244,103.53125,73.785736,0.5688217,103.25,75.3125,0.574015,102.96875,76.85715,0.5790409,102.69336,78.44644,0.5849137,102.40625,80.0,0.5907399,102.078125,81.410736,0.5958389,101.75,82.785736,0.60058624,101.46875,84.223236,0.6051467,101.1875,85.64288,0.60947233,100.853516,86.99109,0.61371565,100.53125,88.285736,0.6174396,100.0625,90.714294,0.622171,99.5,93.07144,0.62374014,99.03125,95.14288,0.62608653,98.75,96.85715,0.6253054,98.5625,98.42859,0.62608653,98.375,99.785736,0.62608653,98.1875,100.785736,0.6245233,98.1875,101.714294,0.6213849,98.5625,102.42859,0.58658844,99.03125,102.64288,0.5002443]},{"width":2.5,"color":-1,"type":"pen","data":[129.875,65.785736,0.38035843,130.0625,65.64288,0.39794192,130.0625,65.714294,0.41478068,129.59375,66.35715,0.4194676,128.5625,67.07144,0.4194676,127.0625,68.0,0.42179155,125.375,69.07144,0.42410275,123.21875,70.285736,0.42179155,122.07617,70.941986,0.4220099,120.96875,71.57144,0.42294872,119.09375,72.57144,0.42640144,117.125,73.5,0.43209463,115.53125,74.285736,0.4410509,113.9375,75.07144,0.45415428,112.34375,75.785736,0.46689004,110.84375,76.35715,0.4792875,109.53125,77.0,0.4913723,108.3125,77.42859,0.5002443,107.28125,78.0,0.5060726,106.53125,78.42859,0.51278853,105.96875,79.0,0.5194177,105.59375,79.57144,0.523168,105.59375,80.14288,0.5287437,105.59375,80.64288,0.5351752,105.875,81.214294,0.5424321,106.34375,81.785736,0.5495933,106.8125,82.42859,0.5566623,107.46875,83.14288,0.56277484,108.03125,83.85715,0.56968033,108.6875,84.35715,0.5756547,109.53125,84.785736,0.58156765,110.46875,85.57144,0.58825254,111.5,86.35715,0.59486234,112.53125,87.14288,0.59977186,113.65625,87.85715,0.60383266,114.875,88.64288,0.60786635,116.375,89.42859,0.6126717,118.0625,90.35715,0.6166475,119.75,91.35715,0.6205979,121.4375,92.214294,0.6245233,123.125,93.07144,0.6268667,124.90625,93.785736,0.62997776,126.6875,94.64288,0.63307345,128.46875,95.5,0.6361541,129.875,96.214294,0.63921994,131.09375,97.0,0.6437913,132.3125,97.714294,0.64833045,133.4375,98.42859,0.65058815,134.46875,99.14288,0.65433365,135.3125,99.785736,0.65582585,136.0625,100.35715,0.6565707,136.53125,100.85715,0.6580578,137.09375,101.5,0.6588001]},{"width":2.5,"color":-1,"type":"pen",